date,rate[1],idx[1],h[1],rate[2],idx[2],h[2],rate[3],idx[3],h[3],rate[4],idx[4],h[4],rate[5],idx[5],h[5],remain[0],remain[1],remain[2],remain[3],remain[4],remain[5],availability
2011/4/24,0.225142857,1,18,0.129180328,2,14,0.143272727,3,14,0.154509804,4,12,0.072962963,5,18,7279317,1764941,294456,58109,7170,663,1
2011/5/1,0.046904762,1,16,0.167659574,2,15,0.262666667,3,15,0.225142857,4,13,0.046627219,5,17,9350589,368621,75709,23378,6122,316,1
2011/5/8,0.175111111,1,12,0.24625,2,16,0.171304348,3,14,0.067931034,4,15,0.171304348,5,18,8930283,1485635,442036,119893,6060,1288,1
2011/5/15,0.254193548,1,14,0.057518248,2,16,0.133559322,3,16,0.03959799,4,16,0.192195122,5,17,10554714,3148126,150001,22404,402,102,1
2011/5/22,0.164166667,1,14,0.131333333,2,16,0.025095541,3,14,0.164166667,4,14,0.021182796,5,18,12087947,2449878,341321,2648,543,6,1
2011/5/29,0.3152,1,15,0.271724138,2,18,0.238787879,3,12,0.042594595,4,10,0.262666667,5,17,12379910,3637054,1316329,457639,5207,1646,1
2011/6/5,0.094939759,1,16,0.103684211,2,13,0.179090909,3,8,0.114202899,4,10,0.026894198,5,18,13076476,1668177,262731,50205,5365,136,1
2011/6/12,0.042826087,1,12,0.076504854,2,15,0.00807377,3,15,0.225142857,4,16,0.328333333,5,18,12379688,295338,15705,214,22,7,1
2011/6/19,0.463529412,1,8,0.328333333,2,10,0.065123967,3,10,0.140714286,4,13,0.151538462,5,12,12787265,5683065,1940989,93049,14328,3171,1
2011/6/26,0.027649123,1,16,0.127096774,2,9,0.010619946,3,13,0.328333333,4,14,0.057941176,5,16,14460546,398687,34208,467,71,3,1
2011/7/3,0.197,1,14,0.4925,2,11,0.291851852,3,12,0.525333333,4,11,0.171304348,5,11,22630035,4915542,2264466,794733,488377,108638,1
2011/7/10,0.056285714,1,16,0.096097561,2,16,0.088539326,3,9,0.017589286,4,16,0.044519774,5,17,14554230,661446,72948,5475,508,16,1
2011/7/17,0.192195122,1,9,0.07959596,2,13,0.358181818,3,10,0.525333333,4,12,0.231764706,5,15,12798380,2567446,139826,46314,23707,4932,1
2011/7/24,0.281428571,1,16,0.562857143,2,12,0.103684211,3,16,0.281428571,4,8,0.002297376,5,15,12490763,3492141,2070981,256188,91852,60,1
2011/7/31,0.175111111,1,16,0.238787879,2,12,0.437777778,3,11,0.103684211,4,18,0.080408163,5,14,11748155,2089070,588615,282094,33654,1499,1
2011/8/7,0.437777778,1,10,0.291851852,2,15,0.207368421,3,13,0.437777778,4,16,0.083829787,5,12,11717933,4566721,1100139,277440,143653,8594,1
2011/8/14,0.171304348,1,15,0.202051282,2,15,0.291851852,3,14,0.046352941,4,16,0.167659574,5,10,11683454,2290738,482925,162555,4177,840,1
2011/8/21,0.262666667,1,15,0.109444444,2,15,0.262666667,3,13,0.063548387,4,10,0.271724138,5,15,12147252,3762012,527042,121775,3453,922,1
2011/8/28,0.143272727,1,10,0.187619048,2,13,0.414736842,3,16,0.202051282,4,11,0.096097561,5,11,12802489,1975095,502495,215235,42437,3400,1
2011/9/4,0.075769231,1,18,0.011588235,2,15,0.020736842,3,13,0.202051282,4,13,0.060152672,5,18,11555674,938286,6122,153,18,0,1
2011/9/11,0.342608696,1,14,0.033819742,2,12,0.151538462,3,7,0.123125,4,15,0.218888889,5,14,28327503,8324364,272918,50482,9313,2920,1
2011/9/18,0.254193548,1,13,0.101025641,2,16,0.039009901,3,16,0.281428571,4,14,0.036146789,5,17,12712645,4056405,420366,7088,2096,65,1
2011/9/25,0.097283951,1,13,0.096097561,2,16,0.042139037,3,14,0.463529412,4,11,0.562857143,5,9,13973167,1360644,146763,7389,3953,2727,1
2011/10/2,0.437777778,1,9,0.562857143,2,12,0.097283951,3,16,0.187619048,4,15,0.070357143,5,15,11977736,5346583,3045656,308724,68272,5267,1
2011/10/9,0.187619048,1,9,0.183255814,2,14,0.07959596,3,15,0.437777778,4,8,0.394,5,11,11165641,2285332,510902,54447,28829,12336,1
2011/10/10,0.160816327,1,12,0.078019802,2,16,0.414736842,3,9,0.4925,4,14,0.110985915,5,7,9042669,1648344,103640,39644,19502,1766,1
2011/10/16,0.096097561,1,16,0.0615625,2,15,0.225142857,3,15,0.082083333,4,16,0.254193548,5,18,12067519,1527534,98550,23217,2648,728,1
2011/10/23,0.099746835,1,11,0.013824561,2,18,0.028550725,3,16,0.143272727,4,16,0.562857143,5,18,12234161,1319028,10155,308,45,26,1
2011/10/30,0.075769231,1,16,0.105066667,2,16,0.01014157,3,17,0.197,4,18,0.023663664,5,17,10984551,848255,103772,998,160,5,1
2011/11/6,0.562857143,1,14,0.271724138,2,16,0.303076923,3,11,0.125079365,4,18,0.4925,5,15,10056618,5048086,1536220,575365,102393,53509,1
2011/11/13,0.358181818,1,14,0.303076923,2,10,0.303076923,3,17,0.05924812,4,16,0.291851852,5,18,10128419,3633949,1298479,497619,16458,3883,1
2011/11/20,0.24625,1,18,0.084731183,2,13,0.414736842,3,18,0.046352941,4,16,0.080408163,5,18,9830637,2608129,221768,108866,2639,331,1
2011/11/27,0.091627907,1,17,0.160816327,2,17,0.053243243,3,9,0.164166667,4,16,0.231764706,5,16,9883163,718351,125422,4014,800,202,1
2011/12/4,0.051168831,1,16,0.133559322,2,15,0.006906223,3,15,0.342608696,4,14,0.394,5,16,10203958,420601,50912,135,32,17,1
2011/12/11,0.051842105,1,12,0.164166667,2,14,0.202051282,3,15,0.262666667,4,12,0.115882353,5,18,9949713,482499,66966,10712,3662,345,1
2011/12/18,0.0985,1,16,0.375238095,2,9,0.254193548,3,16,0.097283951,4,16,0.024171779,5,15,10498340,903826,329104,82923,8204,85,1
2011/12/25,0.414736842,1,8,0.127096774,2,16,0.012141757,3,16,0.437777778,4,16,0.358181818,5,13,15462026,6406388,783076,6307,2621,991,1
2012/1/5,0.207368421,1,16,0.045813953,2,16,0.028447653,3,11,0.138245614,4,16,0.133559322,5,16,7626842,1897303,67844,1195,222,23,1
2012/1/8,0.394,1,13,0.207368421,2,12,0.01289689,3,14,0.342608696,4,16,0.197,5,15,8962611,4030862,1028676,9460,2992,541,1
2012/1/15,0.225142857,1,14,0.562857143,2,13,0.262666667,3,16,0.175111111,4,16,0.4925,5,12,9856565,2497796,1518729,451182,89946,49839,1
2012/1/22,0.192195122,1,15,0.051168831,2,15,0.035178571,3,11,0.562857143,4,11,0.013971631,5,16,10339984,1827231,75097,2802,1741,20,1
2012/1/29,0.07959596,1,11,0.291851852,2,15,0.024320988,3,15,0.179090909,4,16,0.082947368,5,15,9451197,590852,158593,2443,391,35,1
2012/2/5,0.202051282,1,16,0.281428571,2,14,0.342608696,3,10,0.375238095,4,13,0.046904762,5,16,9599059,2047420,631878,234617,105351,3174,1
2012/2/12,0.187619048,1,15,0.254193548,2,14,0.084731183,3,14,0.054344828,4,9,0.192195122,5,11,9915145,1687476,487778,39913,1814,413,1
2012/2/19,0.051168831,1,15,0.281428571,2,16,0.179090909,3,14,0.463529412,4,16,0.032427984,5,16,10215819,734805,179638,28156,13550,218,1
2012/2/26,0.092705882,1,11,0.127096774,2,16,0.291851852,3,16,0.077254902,4,16,0.123125,5,11,10348404,973881,140018,34040,2858,408,1
2012/3/4,0.084731183,1,9,0.218888889,2,11,0.057518248,3,16,0.271724138,4,15,0.027079038,5,15,10357381,742387,155991,10746,2299,54,1
2012/3/11,0.212972973,1,16,0.046627219,2,12,0.082083333,3,18,0.225142857,4,16,0.044519774,5,16,9438484,2071570,41873,3611,789,30,1
2012/3/18,0.049559748,1,9,0.202051282,2,16,0.019749373,3,14,0.05880597,4,11,0.131333333,5,14,10751872,529604,86106,1021,51,4,1
2012/3/25,0.131333333,1,9,0.07364486,2,11,0.043060109,3,12,0.06304,4,16,0.202051282,5,18,9538189,1439972,120247,6526,303,61,1
2012/4/1,0.140714286,1,16,0.023592814,2,14,0.11761194,3,13,0.087555556,4,12,0.107945205,5,16,9116413,1434014,14274,1449,145,12,1
2012/4/8,0.328333333,1,13,0.048343558,2,13,0.179090909,3,16,0.070357143,4,16,0.160816327,5,18,9491379,3239038,114780,26218,1612,330,1
2012/4/15,0.044772727,1,14,0.022643678,2,16,0.375238095,3,11,0.171304348,4,16,0.110985915,5,18,9956431,646167,15994,4151,546,70,1
2012/4/22,0.218888889,1,16,0.212972973,2,12,0.303076923,3,16,0.114202899,4,18,0.342608696,5,18,8946331,1653742,333332,104212,15312,5537,1
2012/4/29,0.135862069,1,16,0.394,2,14,0.151538462,3,15,0.187619048,4,18,0.004937343,5,18,10873244,1654986,574780,91612,23691,32,1
2012/5/6,0.099746835,1,12,0.064590164,2,16,0.078019802,3,15,0.0985,4,11,0.212972973,5,16,8903220,1088063,64681,5954,567,118,1
2012/5/13,0.109444444,1,15,0.437777778,2,16,0.114202899,3,15,0.103684211,4,16,0.109444444,5,18,8701106,1077508,433947,50198,4008,486,1
2012/5/20,0.143272727,1,15,0.023592814,2,17,0.24625,3,15,0.102337662,4,16,0.140714286,5,18,9310763,1583177,25701,6983,907,128,1
2012/5/27,0.145925926,1,14,0.375238095,2,15,0.091627907,3,18,0.262666667,4,11,0.092705882,5,18,10028759,1254537,414638,35223,10844,930,1
2012/6/3,0.254193548,1,13,0.525333333,2,13,0.4925,3,11,0.3152,4,9,0.11761194,5,18,9143738,2054674,1118026,650173,281777,42312,1
2012/6/10,0.048944099,1,11,0.24625,2,11,0.342608696,3,16,0.303076923,4,14,0.212972973,5,18,8860372,395751,90138,22741,6779,1605,1
2012/6/17,0.281428571,1,11,0.3152,2,15,0.11761194,3,11,0.342608696,4,14,0.151538462,5,11,9585686,2494776,873253,118049,35086,7187,1
2012/6/24,0.070990991,1,16,0.148679245,2,11,0.303076923,3,12,0.101025641,4,11,0.24625,5,16,10535383,1020530,183792,49371,3196,633,1
2012/7/1,0.043535912,1,16,0.11761194,2,15,0.197,3,12,0.175111111,4,17,0.140714286,5,16,9644095,395396,60955,16803,1888,225,1
2012/7/8,0.231764706,1,9,0.394,2,15,0.1576,3,9,0.006610738,4,16,0.014485294,5,16,10469646,2809355,974337,111608,430,7,1
2012/7/15,0.358181818,1,12,0.187619048,2,15,0.109444444,3,16,0.525333333,4,9,0.026986301,5,13,9550443,3256001,722940,96879,60142,1091,1
2012/7/22,0.281428571,1,10,0.115882353,2,18,0.303076923,3,16,0.112571429,4,16,0.067931034,5,18,9260574,3015497,352735,117111,12496,717,1
2012/7/29,0.375238095,1,12,0.303076923,2,15,0.271724138,3,14,0.164166667,4,16,0.271724138,5,12,9186258,2841913,1005949,337727,56751,16601,1
2012/8/5,0.148679245,1,16,0.140714286,2,15,0.262666667,3,13,0.099746835,4,12,0.171304348,5,15,9017566,1657187,299663,96256,7743,1588,1
2012/8/12,0.437777778,1,11,0.099746835,2,15,0.3152,3,11,0.254193548,4,9,0.281428571,5,18,9003105,4029048,375094,142893,36029,9420,1
2012/8/19,0.020846561,1,9,0.167659574,2,15,0.063548387,3,14,0.054722222,4,18,0.05880597,5,14,9519027,109463,16953,1463,136,5,1
2012/8/26,0.050512821,1,18,0.028970588,2,16,0.123125,3,14,0.074339623,4,16,0.125079365,5,18,8818725,304111,10790,1417,128,17,1
2012/9/2,0.03979798,1,16,0.375238095,2,17,0.074339623,3,14,0.218888889,4,17,0.053605442,5,18,8582991,239617,74231,5217,1249,139,1
2012/9/9,0.057941176,1,16,0.082083333,2,10,0.107945205,3,16,0.047757576,4,16,0.164166667,5,16,8081020,564800,45047,6473,366,52,1
2012/9/16,0.041256545,1,12,0.262666667,2,16,0.114202899,3,10,0.525333333,4,10,0.271724138,5,8,7786264,408011,83510,11973,6103,1924,1
2012/9/17,0.218888889,1,15,0.291851852,2,12,0.148679245,3,12,0.225142857,4,12,0.394,5,17,6819297,1404664,457470,63975,19281,8556,1
2012/9/23,0.05969697,1,12,0.151538462,2,10,0.123125,3,16,0.342608696,4,15,0.254193548,5,15,8261937,718874,148039,19890,6466,1725,1
2012/10/7,0.281428571,1,9,0.291851852,2,9,0.088539326,3,14,0.291851852,4,15,0.225142857,5,16,7505213,1902703,692205,40738,12413,2618,1
2012/10/8,0.3152,1,11,0.067350427,2,16,0.051842105,3,11,0.042826087,4,13,0.207368421,5,16,6768985,2292641,144407,10656,484,73,1
2012/10/14,0.525333333,1,13,0.231764706,2,12,0.069734513,3,16,0.088539326,4,13,0.606153846,5,18,8723286,4215320,1035923,70749,6972,4988,1
2012/10/21,0.3152,1,11,0.225142857,2,11,0.525333333,3,11,0.3152,4,16,0.562857143,5,18,8712508,3180493,693047,387121,143907,87953,1
2012/10/28,0.138245614,1,10,0.225142857,2,9,0.061085271,3,12,0.192195122,4,18,0.04746988,5,18,8646968,1605042,381310,12943,2810,126,1
2012/11/4,0.192195122,1,9,0.114202899,2,14,0.012468354,3,16,0.207368421,4,15,0.562857143,5,16,8515195,2019419,380594,1241,229,107,1
2012/11/11,0.394,1,12,0.291851852,2,14,0.342608696,3,16,0.254193548,4,16,0.03426087,5,16,8398989,3405943,1229057,457436,141170,3292,1
2012/11/18,0.084731183,1,10,0.218888889,2,11,0.160816327,3,16,0.167659574,4,16,0.075047619,5,18,8214340,558327,143563,22847,4116,234,1
2012/11/25,0.001982889,1,18,0.179090909,2,8,0.080408163,3,15,0.0788,4,14,0.119393939,5,17,8803017,13574,1836,119,10,2,1
2012/12/2,0.109444444,1,15,0.291851852,2,11,0.160816327,3,16,0.105066667,4,17,0.03959799,5,16,12737437,1190631,353186,68070,9011,299,1
2012/12/9,0.021828255,1,13,0.0985,2,14,0.123125,3,16,0.032833333,4,12,0.097283951,5,18,8155529,99791,8366,1003,258,21,0
2012/12/16,0.171304348,1,16,0.032697095,2,11,0.02284058,3,16,0.101025641,4,14,0.057101449,5,13,11541735,2153585,63463,1741,177,11,1
2012/12/23,0.148679245,1,16,0.038439024,2,14,0.437777778,3,16,0.0615625,4,16,0.291851852,5,16,11397339,2125570,45680,15105,641,162,1
2012/12/24,0.035818182,1,12,0.114202899,2,16,0.099746835,3,18,0.075769231,4,16,0.105066667,5,15,9237648,294186,42173,3700,171,18,1
2013/1/5,0.175111111,1,12,0.238787879,2,15,0.093809524,3,16,0.179090909,4,16,0.218888889,5,16,6933593,1357329,406658,37130,7141,1931,1
2013/1/6,0.069122807,1,16,0.291851852,2,14,0.271724138,3,15,0.014756554,4,16,0.225142857,5,16,8185239,653409,173862,56281,338,80,1
2013/1/13,0.562857143,1,16,0.207368421,2,12,0.183255814,3,16,0.187619048,4,16,0.034561404,5,16,7347582,4069793,1006467,198846,51237,1410,1
2013/1/20,0.072962963,1,13,0.105066667,2,11,0.119393939,3,16,0.131333333,4,12,0.049873418,5,16,7882481,340115,36589,4651,34,240,0
2013/1/27,0.225142857,1,10,0.262666667,2,11,0.238787879,3,13,0.145925926,4,16,0.0615625,5,15,8259800,1953308,648036,224144,42066,1937,1
2013/2/3,0.271724138,1,9,0.291851852,2,10,0.167659574,3,14,0.094939759,4,8,0.154509804,5,16,8386844,2583152,966203,215420,20347,3196,1
2013/2/10,0.131333333,1,11,0.093809524,2,15,0.525333333,3,16,0.085652174,4,11,0.140714286,5,10,7994115,794825,86839,45969,3019,509,1
2013/2/17,0.328333333,1,13,0.167659574,2,11,0.074339623,3,16,0.207368421,4,16,0.11761194,5,16,8073105,2876090,500396,30735,7933,1085,1
2013/2/24,0.291851852,1,11,0.066218487,2,15,0.303076923,3,13,0.4925,4,16,0.175111111,5,15,8447288,2626388,71111,20579,9781,1747,1
2013/3/3,0.129180328,1,16,0.121230769,2,13,0.077254902,3,16,0.140714286,4,16,0.03979798,5,12,8496843,1168541,174060,11752,1977,74,1
2013/3/10,0.525333333,1,13,0.032697095,2,15,0.164166667,3,18,0.179090909,4,16,0.062047244,5,16,8229431,4699066,119918,22257,4590,286,1
2013/3/17,0.015919192,1,12,0.127096774,2,16,0.106486486,3,16,0.716363636,4,9,0.231764706,5,16,8768122,82460,8852,836,604,115,1
2013/3/24,0.231764706,1,11,0.07959596,2,10,0.031269841,3,18,0.192195122,4,16,0.606153846,5,17,9225914,2258300,168601,4332,843,501,1
2013/3/31,0.046352941,1,16,0.148679245,2,16,0.281428571,3,15,0.656666667,4,14,0.085652174,5,16,8935352,417336,57011,13544,10200,1037,1
2013/4/7,0.07959596,1,13,0.07364486,2,13,0.123125,3,16,0.070990991,4,16,0.043777778,5,18,8297120,506985,38023,4978,226,8,1
2013/4/14,0.033531915,1,16,0.164166667,2,16,0.094939759,3,12,0.11761194,4,16,0.212972973,5,18,7951711,222977,31895,3350,368,88,1
2013/4/28,0.164166667,1,16,0.099746835,2,16,0.012012195,3,16,0.114202899,4,15,0.127096774,5,18,9059807,1622042,152546,410,55,5,1
2013/5/5,0.053605442,1,14,0.023951368,2,14,0.064590164,3,16,0.056285714,4,17,0.022973761,5,18,7264638,320853,3396,321,22,0,1
2013/5/12,0.437777778,1,16,0.088539326,2,16,0.192195122,3,16,0.303076923,4,15,0.254193548,5,17,17047103,7449448,717788,171093,59687,15730,1
2013/5/19,0.303076923,1,15,0.171304348,2,18,0.107945205,3,16,0.414736842,4,16,0.027649123,5,18,8439378,2742165,545639,69724,33138,602,1
2013/5/26,0.057518248,1,18,0.1576,2,16,0.262666667,3,14,0.005806927,4,18,0.271724138,5,18,8628649,466005,75550,23689,72,18,1
2013/6/2,0.414736842,1,14,0.231764706,2,15,0.041693122,3,15,0.202051282,4,14,0.197,5,18,7326691,3163476,888557,32882,9601,1708,1
2013/6/9,0.291851852,1,16,0.099746835,2,15,0.202051282,3,18,0.063548387,4,14,0.115882353,5,14,6974294,2028194,185064,43760,1976,344,1
2013/6/16,0.070990991,1,16,0.271724138,2,13,0.043777778,3,16,0.271724138,4,18,0.114202899,5,15,7183684,472252,134237,6456,1798,208,1
2013/6/23,0.145925926,1,16,0.030307692,2,13,0.017949886,3,13,0.105066667,4,11,0.271724138,5,11,9087718,1527784,30301,488,67,24,1
2013/6/30,0.183255814,1,16,0.192195122,2,12,0.218888889,3,15,0.218888889,4,14,0.034561404,5,16,7197684,1317673,347035,91252,19948,303,1
2013/7/7,0.099746835,1,16,0.092705882,2,13,0.328333333,3,12,0.133559322,4,16,0.197,5,16,7024898,720832,51339,16208,2082,487,1
2013/7/14,0.254193548,1,14,0.143272727,2,16,0.164166667,3,16,0.102337662,4,16,0.1576,5,16,7040618,1977052,308486,55475,5727,1074,1
2013/7/21,0.238787879,1,16,0.3152,2,14,0.375238095,3,16,0.066218487,4,15,0.053972603,5,14,6842023,1989115,809026,337891,21442,861,1
2013/7/28,0.143272727,1,15,0.238787879,2,9,0.291851852,3,8,0.437777778,4,10,0.375238095,5,18,7232557,999625,249028,76957,34872,12045,1
2013/8/4,0.207368421,1,14,0.225142857,2,17,0.015009524,3,10,0.114202899,4,15,0.238787879,5,15,6959273,1736406,475159,2766,258,64,1
2013/8/11,0.562857143,1,10,0.138245614,2,15,0.254193548,3,12,0.212972973,4,16,0.101025641,5,17,7142027,4679191,774337,220275,49415,4932,1
2013/8/18,0.035818182,1,9,0.24625,2,18,0.231764706,3,16,0.077254902,4,15,0.105066667,5,13,7173295,185521,39660,11260,585,54,1
2013/8/25,0.091627907,1,18,0.115882353,2,18,0.151538462,3,15,0.102337662,4,9,0.303076923,5,18,6979752,777089,121669,17865,2011,552,1
2013/9/1,0.115882353,1,16,0.154509804,2,14,0.023108504,3,12,0.171304348,4,15,0.012067381,5,14,7022865,818027,150089,1712,371,4,1
2013/9/8,0.106486486,1,12,0.154509804,2,16,0.016554622,3,14,0.179090909,4,13,0.145925926,5,14,6861067,843836,134536,1145,249,35,1
2013/9/15,0.042594595,1,7,0.225142857,2,12,0.328333333,3,16,0.207368421,4,18,0.041693122,5,16,6070762,177047,37884,10530,2606,91,1
2013/9/17,0.151538462,1,10,0.1576,2,10,0.023663664,3,14,0.3152,4,12,0.127096774,5,15,4311649,710110,140354,3693,1048,131,1
2013/9/22,0.082083333,1,16,0.262666667,2,11,0.342608696,3,13,0.562857143,4,18,0.020736842,5,16,6810161,711013,201708,57334,39287,524,1
2013/9/29,0.394,1,16,0.24625,2,16,0.175111111,3,15,0.009668712,4,17,0.606153846,5,16,7440119,2635924,689343,116069,288,201,1
2013/10/6,0.143272727,1,12,0.0788,2,15,0.064065041,3,17,0.004741276,4,13,0.099746835,5,11,7835478,1472046,112909,11727,26,1,1
2013/10/13,0.437777778,1,12,0.281428571,2,11,0.463529412,3,14,0.047757576,4,9,0.151538462,5,18,10820356,4087653,1135676,618071,17216,2814,1
2013/10/14,0.3152,1,14,0.192195122,2,10,0.160816327,3,14,0.151538462,4,16,0.115882353,5,13,6451853,1991431,413600,69599,13425,1645,1
2013/10/20,0.281428571,1,12,0.183255814,2,10,0.154509804,3,15,0.281428571,4,15,0.4925,5,18,7945020,2684329,565838,110380,36807,19911,1
2013/10/27,0.129180328,1,16,0.254193548,2,14,0.197,3,14,0.105066667,4,10,0.05083871,5,17,7953172,1355113,353005,89631,6915,378,1
2013/11/3,0.463529412,1,12,0.021013333,2,12,0.057941176,3,16,0.062047244,4,18,0.187619048,5,16,7306996,3617504,41880,1899,151,34,1
2013/11/10,0.027844523,1,18,0.175111111,2,15,0.0615625,3,16,0.225142857,4,16,0.202051282,5,18,6705843,151747,24706,1178,243,52,1
2013/11/17,0.303076923,1,13,0.437777778,2,15,0.0985,3,16,0.197,4,16,0.167659574,5,18,6681229,2064171,1064629,114838,28523,5072,1
2013/11/24,0.125079365,1,18,0.179090909,2,16,0.082947368,3,13,0.562857143,4,13,0.375238095,5,17,7385257,1008708,206198,15048,8325,3390,1
2013/12/1,0.1576,1,16,0.028142857,2,15,0.212972973,3,12,0.179090909,4,18,0.093809524,5,16,6852716,1398865,26954,6601,1327,123,1
2013/12/8,0.525333333,1,10,0.231764706,2,10,0.070357143,3,16,0.271724138,4,18,0.053972603,5,18,6952850,3625113,805657,60328,16800,939,1
2013/12/15,0.231764706,1,16,0.057101449,2,12,0.090574713,3,16,0.125079365,4,10,0.093809524,5,11,7221579,1703825,53446,4752,715,74,1
2013/12/22,0.020520833,1,16,0.101025641,2,16,0.281428571,3,16,0.0788,4,16,0.4925,5,16,9830895,155420,15211,3629,346,187,1
2013/12/23,0.3152,1,14,0.225142857,2,16,0.051168831,3,18,0.463529412,4,16,0.197,5,16,7178019,2549285,668803,20514,11732,2243,1
2014/1/5,0.085652174,1,8,0.254193548,2,13,0.175111111,3,13,0.082947368,4,16,0.078019802,5,16,6880492,559852,114577,22458,1352,83,1
2014/1/12,0.015951417,1,13,0.03959799,2,16,0.133559322,3,16,0.140714286,4,16,0.4925,5,13,6607320,70830,2175,182,21,11,1
2014/1/13,0.106486486,1,16,0.140714286,2,12,0.03078125,3,16,0.179090909,4,16,0.463529412,5,16,5517431,687761,120811,1692,265,132,1
2014/1/19,0.218888889,1,14,0.133559322,2,13,0.069734513,3,18,0.107945205,4,16,0.24625,5,16,6531288,1656580,250509,19384,1652,584,1
2014/1/26,0.291851852,1,16,0.140714286,2,11,0.4925,3,16,0.138245614,4,16,0.358181818,5,16,7190553,2102272,359258,211189,33116,16539,1
2014/2/2,0.090574713,1,16,0.463529412,2,11,0.031023622,3,15,0.151538462,4,16,0.105066667,5,16,7170768,705387,322498,5680,764,83,1
2014/2/23,0.154509804,1,12,0.218888889,2,14,0.291851852,3,15,0.218888889,4,16,0.002895994,5,16,6390445,1318616,283704,89974,28854,37,1
2014/3/2,0.010450928,1,14,0.179090909,2,14,0.020414508,3,17,0.164166667,4,15,0.148679245,5,15,6245644,33725,4546,63,10,1,1
2014/3/9,0.187619048,1,15,0.437777778,2,14,0.007419962,3,12,0.303076923,4,12,0.4925,5,13,11293956,1817642,847118,2172,775,438,1
2014/3/16,0.175111111,1,16,0.143272727,2,16,0.022774566,3,18,0.140714286,4,16,0.175111111,5,16,6587320,1286045,189987,1851,259,48,1
2014/3/21,0.231764706,1,16,0.018987952,2,16,0.048944099,3,16,0.115882353,4,16,0.115882353,5,16,4152804,951874,4409,217,14,1,1
2014/3/23,0.4925,1,16,0.225142857,2,13,0.11761194,3,16,0.463529412,4,9,0.140714286,5,15,9758649,4227643,967276,114904,69826,11075,1
2014/3/30,0.143272727,1,12,0.127096774,2,12,0.187619048,3,18,0.094939759,4,16,0.102337662,5,18,7204968,1064478,143491,33464,3588,420,1
2014/4/6,0.043060109,1,13,0.05218543,2,13,0.03979798,3,11,0.328333333,4,8,0.114202899,5,16,7398946,312009,16223,718,301,20,1
2014/4/13,0.06304,1,13,0.044519774,2,18,0.291851852,3,16,0.145925926,4,15,0.656666667,5,18,7892117,427562,25384,5872,983,682,1
2014/4/20,0.103684211,1,16,0.133559322,2,14,0.183255814,3,11,0.048944099,4,16,0.154509804,5,18,6902748,885808,122105,26068,924,150,1
2014/4/27,0.03682243,1,16,0.083829787,2,10,0.033248945,3,16,0.123125,4,16,0.086593407,5,18,6871715,260388,27689,1071,97,7,1
2014/5/4,0.525333333,1,16,0.05924812,2,15,0.125079365,3,16,0.053605442,4,15,0.068521739,5,18,7179707,3602162,252896,32391,1916,164,1
2014/5/11,0.154509804,1,13,0.187619048,2,14,0.1576,3,16,0.207368421,4,18,0.414736842,5,18,6479224,1099125,207749,43197,12598,5849,1
2014/5/18,0.044269663,1,12,0.066218487,2,16,0.072962963,3,14,0.225142857,4,16,0.027844523,5,18,5940503,152645,8310,681,166,3,1
2014/5/25,0.202051282,1,11,0.119393939,2,14,0.125079365,3,14,0.044519774,4,13,0.080408163,5,18,6952701,1398050,151379,22760,754,58,1
2014/6/1,0.084731183,1,9,0.006804836,2,15,0.090574713,3,16,0.262666667,4,13,0.140714286,5,16,7418433,475894,2575,191,26,3,1
2014/6/8,0.187619048,1,13,0.328333333,2,11,0.090574713,3,13,0.121230769,4,11,0.463529412,5,17,6883077,1302455,474086,44191,5966,3039,1
2014/6/15,0.171304348,1,16,0.053243243,2,18,0.107945205,3,16,0.238787879,4,14,0.183255814,5,17,6556470,1290833,73901,6739,1326,303,1
2014/6/22,0.3152,1,12,0.24625,2,11,0.021949861,3,14,0.192195122,4,12,0.060152672,5,16,7576277,2022820,491020,5362,952,64,1
2014/6/29,0.012981878,1,16,0.043296703,2,9,0.055886525,3,13,0.133559322,4,13,0.291851852,5,12,7774447,49710,2749,205,28,5,1
2014/7/6,0.238787879,1,15,0.463529412,2,10,0.131333333,3,10,0.082947368,4,16,0.080408163,5,16,6716168,1689688,877476,66728,5647,370,1
2014/7/13,0.053605442,1,16,0.109444444,2,11,0.24625,3,13,0.414736842,4,16,0.065666667,5,16,6691053,274196,34100,7350,3088,155,1
2014/7/20,0.112571429,1,13,0.131333333,2,16,0.110985915,3,16,0.218888889,4,16,0.125079365,5,16,6261156,679032,114037,18650,3856,461,1
2014/7/27,0.057101449,1,15,0.463529412,2,15,0.151538462,3,13,0.051842105,4,16,0.057941176,5,15,6814877,347010,119074,19232,1031,63,1
2014/8/3,0.164166667,1,16,0.069122807,2,15,0.151538462,3,14,0.040829016,4,12,0.225142857,5,12,6707033,1171443,68195,11898,272,53,1
2014/8/10,0.074339623,1,11,0.014867925,2,14,0.525333333,3,12,0.160816327,4,14,0.238787879,5,15,6494623,475860,5170,2256,298,55,1
2014/8/17,0.089545455,1,12,0.151538462,2,14,0.090574713,3,16,0.167659574,4,15,0.074339623,5,16,6396313,442629,70702,6870,1301,90,1
2014/8/24,0.414736842,1,11,0.072962963,2,16,0.212972973,3,14,0.041693122,4,18,0.254193548,5,15,7296380,2809301,173542,27940,1216,299,1
2014/8/31,0.086593407,1,17,0.017130435,2,14,0.123125,3,16,0.148679245,4,12,0.192195122,5,18,6668997,615224,7020,979,104,25,1
2014/9/7,0.022386364,1,16,0.045549133,2,13,0.207368421,3,14,0.00655574,4,17,0.171304348,5,18,6501893,74531,3718,628,5,0,1
2014/9/14,0.175111111,1,7,0.202051282,2,8,0.114202899,3,15,0.101025641,4,15,0.160816327,5,15,15797446,2346725,465296,53247,7829,1223,1
2014/9/21,0.303076923,1,15,0.064590164,2,12,0.005710145,3,11,0.3152,4,17,0.562857143,5,18,8550071,1738664,105304,601,205,125,1
2014/9/28,0.087555556,1,8,0.562857143,2,14,0.00267754,3,15,0.4925,4,16,0.109444444,5,18,8435443,1029297,387065,1620,1213,60,1
2014/10/5,0.291851852,1,12,0.231764706,2,9,0.078019802,3,18,0.135862069,4,13,0.016946237,5,18,6857018,1955942,635711,54878,9076,127,1
2014/10/12,0.040204082,1,12,0.328333333,2,11,0.238787879,3,16,0.008312236,4,16,0.060152672,5,15,6643748,250384,81893,19437,67,2,1
2014/10/19,0.271724138,1,15,0.281428571,2,10,0.140714286,3,16,0.562857143,4,8,0.078019802,5,17,7724196,1817835,561240,81989,52280,3287,1
2014/10/26,0.069734513,1,10,0.328333333,2,10,0.075769231,3,16,0.022973761,4,12,0.114202899,5,18,7688078,530859,168335,13231,143,17,1
2014/11/2,0.218888889,1,15,0.171304348,2,16,0.103684211,3,16,0.262666667,4,15,0.071636364,5,18,7315915,1800486,372468,38608,13577,1322,1
2014/11/9,0.3152,1,17,0.112571429,2,17,0.3152,3,15,0.160816327,4,18,0.143272727,5,16,6460318,1906040,133314,45352,9417,1395,1
2014/11/16,0.3152,1,15,0.110985915,2,14,0.080408163,3,16,0.014511971,4,17,0.115882353,5,18,6753477,2134533,221486,17620,178,23,1
2014/11/23,0.103684211,1,9,0.023040936,2,16,0.002529695,3,16,0.028550725,4,16,0.043535912,5,17,5880452,627887,9036,75,5,0,1
2014/11/24,0.107945205,1,12,0.140714286,2,16,0.271724138,3,16,0.097283951,4,13,0.102337662,5,16,11496896,1392045,206496,66827,6172,789,1
2014/11/30,0.028759124,1,15,0.056285714,2,16,0.167659574,3,16,0.088539326,4,17,0.069734513,5,18,7180911,164197,8397,1067,79,4,1
2014/12/7,0.070357143,1,8,0.105066667,2,16,0.030661479,3,14,0.133559322,4,16,0.271724138,5,11,6583019,422295,52173,1213,147,30,1
2014/12/14,0.394,1,14,0.090574713,2,14,0.016837607,3,15,0.067350427,4,13,0.080408163,5,18,6408366,2366815,178277,4086,225,16,1
2014/12/21,0.145925926,1,16,0.061085271,2,13,0.358181818,3,13,0.342608696,4,9,0.171304348,5,18,6814541,1031954,53462,15971,6455,1295,1
2014/12/28,0.070990991,1,16,0.231764706,2,16,0.175111111,3,17,0.099746835,4,12,0.090574713,5,16,9714416,738165,168544,25422,2398,153,1
2015/1/4,0.187619048,1,8,0.3152,2,9,0.114202899,3,14,0.129180328,4,17,0.110985915,5,18,6703698,1199018,370492,52330,6640,743,1
2015/1/11,0.143272727,1,16,0.028142857,2,12,0.207368421,3,16,0.041473684,4,16,0.1576,5,12,6342201,814247,19238,3570,179,27,1
2015/1/12,0.262666667,1,12,0.148679245,2,12,0.212972973,3,14,0.022578797,4,16,0.254193548,5,16,5531115,1347662,217285,63443,1390,553,1
2015/1/18,0.148679245,1,13,0.24625,2,13,0.057518248,3,18,0.148679245,4,17,0.065123967,5,18,6440817,892332,307238,14431,2709,134,1
2015/1/25,0.414736842,1,16,0.3152,2,16,0.3152,3,14,0.057101449,4,17,0.014511971,5,16,7779920,2370569,822171,285205,12304,119,1
2015/2/1,0.463529412,1,14,0.154509804,2,13,0.052533333,3,16,0.179090909,4,17,0.231764706,5,16,6921129,3643895,558077,29110,6656,1774,1
2015/2/8,0.083829787,1,16,0.106486486,2,13,0.167659574,3,13,0.463529412,4,8,0.131333333,5,16,7028883,770649,82430,15469,6961,916,1
2015/2/15,0.07959596,1,10,0.105066667,2,15,0.040829016,3,16,0.092705882,4,11,0.129180328,5,12,8348540,520317,61759,1986,242,35,1
2015/2/22,0.262666667,1,16,0.328333333,2,14,0.145925926,3,16,0.131333333,4,16,0.375238095,5,16,6836387,1861950,809700,105812,18022,8555,1
2015/3/1,0.271724138,1,16,0.05083871,2,15,0.054344828,3,14,0.119393939,4,16,0.167659574,5,11,7043830,1786542,64305,4083,592,110,1
2015/3/8,0.212972973,1,11,0.11761194,2,16,0.123125,3,16,0.066218487,4,16,0.125079365,5,11,6514220,1575748,207139,23123,1206,179,1
2015/3/15,0.145925926,1,16,0.097283951,2,14,0.151538462,3,18,0.218888889,4,18,0.151538462,5,14,6737377,1174565,117154,20750,5683,1208,1
2015/3/22,0.24625,1,16,0.105066667,2,16,0.187619048,3,11,0.4925,4,10,0.064065041,5,11,7779718,1807876,184735,39666,19400,1107,1
2015/3/29,0.082947368,1,13,0.0985,2,11,0.151538462,3,17,0.05837037,4,16,0.121230769,5,18,7184639,582659,68010,8284,669,97,1
2015/4/5,0.1576,1,12,0.1576,2,14,0.291851852,3,14,0.065666667,4,14,0.254193548,5,16,7570822,1439599,263155,69817,3560,832,1
2015/4/12,0.225142857,1,14,0.020467532,2,12,0.187619048,3,15,0.110985915,4,16,0.077254902,5,18,7907882,1971867,25818,4684,580,49,1
2015/4/19,0.414736842,1,16,0.271724138,2,16,0.085652174,3,15,0.202051282,4,15,0.171304348,5,15,7312490,2817821,912453,56748,14393,2702,1
2015/4/26,0.164166667,1,16,0.167659574,2,11,0.202051282,3,16,0.035178571,4,18,0.131333333,5,17,7094896,1219327,235332,56631,1345,193,1
2015/5/3,0.029848485,1,11,0.035336323,2,16,0.207368421,3,16,0.394,4,15,0.171304348,5,17,7225208,134207,7209,1257,365,61,1
2015/5/10,0.050512821,1,11,0.342608696,2,16,0.07364486,3,16,0.037884615,4,14,0.123125,5,18,6668242,253201,72973,5249,109,20,1
2015/5/17,0.03426087,1,16,0.102337662,2,12,0.187619048,3,11,0.121230769,4,15,0.055886525,5,18,6627206,109466,11399,1908,202,11,1
2015/5/24,0.042365591,1,10,0.207368421,2,14,0.008312236,3,16,0.131333333,4,13,0.115882353,5,17,6643546,254156,46163,499,43,3,1
2015/5/31,0.05218543,1,18,0.160816327,2,16,0.175111111,3,17,0.463529412,4,17,0.414736842,5,18,7082173,341721,51410,8383,3684,1720,1
2015/6/7,0.129180328,1,13,0.145925926,2,11,0.119393939,3,15,0.017589286,4,11,0.212972973,5,17,6250049,990545,195550,34049,190,32,1
2015/6/14,0.129180328,1,16,0.00780198,2,16,0.035818182,3,18,0.050512821,4,16,0.262666667,5,13,6538745,971699,4060,188,8,2,1
2015/6/21,0.207368421,1,16,0.525333333,2,11,0.125079365,3,16,0.225142857,4,10,0.171304348,5,16,6769769,1419249,786708,120630,26936,5086,1
2015/6/28,0.328333333,1,16,0.033531915,2,14,0.042139037,3,16,0.026621622,4,16,0.055492958,5,16,7475364,2120052,41437,1470,46,3,1
2015/7/5,0.271724138,1,16,0.225142857,2,14,0.24625,3,8,0.154509804,4,17,0.281428571,5,16,6080420,1652116,460352,142624,28357,10564,1
2015/7/12,0.238787879,1,16,0.437777778,2,13,0.125079365,3,13,0.11761194,4,16,0.175111111,5,16,6169713,1481160,769337,88229,9392,1940,1
2015/7/19,0.017093275,1,14,0.016589474,2,15,0.123125,3,16,0.109444444,4,14,0.072293578,5,14,5968836,69277,2001,214,31,2,1
2015/7/26,0.271724138,1,16,0.179090909,2,15,0.24625,3,16,0.064590164,4,16,0.035818182,5,12,5561890,1533898,283425,93323,4902,99,1
2015/8/2,0.328333333,1,15,0.167659574,2,15,0.024246154,3,10,0.053605442,4,13,0.212972973,5,14,5941265,1799036,289286,4451,190,37,1
2015/8/9,0.212972973,1,10,0.138245614,2,15,0.129180328,3,12,0.089545455,4,17,0.3152,5,14,5862390,1426808,208246,28589,2805,1036,1
2015/8/16,0.0985,1,16,0.072293578,2,18,0.192195122,3,13,0.072293578,4,8,0.167659574,5,12,5966744,653476,57620,13927,664,122,1
2015/8/23,0.3152,1,11,0.192195122,2,8,0.070990991,3,15,0.1576,4,18,0.032561983,5,14,6288151,370959,1263199,26177,4201,98,0
2015/8/30,0.414736842,1,14,0.070357143,2,17,0.089545455,3,14,0.027079038,4,16,0.218888889,5,18,5904247,2291692,170524,14437,300,62,1
2015/9/6,0.065666667,1,16,0.085652174,2,13,0.072962963,3,14,0.525333333,4,14,0.086593407,5,18,5880721,424723,31573,3055,1375,174,1
2015/9/13,0.097283951,1,15,0.013728223,2,14,0.154509804,3,15,0.016416667,4,16,0.012567783,5,16,5677049,606305,6918,1023,22,1,1
2015/9/20,0.115882353,1,14,0.160816327,2,18,0.207368421,3,16,0.064590164,4,17,0.115882353,5,9,5114228,782842,137424,33693,1645,186,1
2015/9/21,0.160816327,1,11,0.4925,2,16,0.375238095,3,16,0.154509804,4,11,0.06304,5,15,4809161,844196,338120,140070,24661,1580,1
2015/9/27,0.254193548,1,10,0.080408163,2,14,0.084731183,3,16,0.0985,4,15,0.103684211,5,15,5908261,1654580,141356,10999,1018,121,1
2015/10/4,0.281428571,1,11,0.24625,2,13,0.102337662,3,16,0.3152,4,16,0.179090909,5,15,5831642,1451480,394534,32453,12840,2619,1
2015/10/11,0.212972973,1,15,0.231764706,2,10,0.091627907,3,16,0.463529412,4,16,0.160816327,5,13,5660578,1175127,282170,27121,15458,2920,1
2015/10/12,0.056690647,1,13,0.133559322,2,9,0.394,3,11,0.254193548,4,10,0.041041667,5,16,5288727,274497,35253,13582,3566,135,1
2015/10/18,0.093809524,1,16,0.212972973,2,11,0.05837037,3,18,0.121230769,4,12,0.262666667,5,18,5818671,451616,114896,7414,1038,321,1
2015/10/25,0.143272727,1,11,0.303076923,2,15,0.024171779,3,15,0.207368421,4,15,0.05880597,5,18,6314723,1134609,332291,5166,967,41,1
2015/11/1,0.414736842,1,16,0.394,2,17,0.262666667,3,14,0.437777778,4,11,0.231764706,5,18,6406292,2312392,903243,266695,163014,43675,1
2015/11/8,0.303076923,1,16,0.179090909,2,17,0.0985,3,16,0.375238095,4,18,0.033675214,5,11,6007691,1894740,357303,40614,19327,389,1
2015/11/15,0.24625,1,16,0.238787879,2,14,0.143272727,3,16,0.129180328,4,18,0.051842105,5,18,5731055,1552023,397827,83069,9758,476,1
2015/11/22,0.0985,1,9,0.107945205,2,18,0.281428571,3,16,0.025501618,4,16,0.138245614,5,18,5542377,453371,62451,17808,183,23,1
2015/11/23,0.463529412,1,12,0.045549133,2,18,0.048641975,3,16,0.112571429,4,11,0.151538462,5,10,4779681,2356343,85039,4375,446,74,1
2015/11/29,0.062047244,1,9,0.127096774,2,13,0.525333333,3,10,0.085652174,4,18,0.050512821,5,15,6886511,397600,50420,22614,2327,88,1
2015/12/6,0.121230769,1,15,0.171304348,2,13,0.175111111,3,15,0.01186747,4,16,0.192195122,5,16,5978333,736525,128482,25371,98,19,1
2015/12/13,0.029848485,1,13,0.606153846,2,9,0.103684211,3,16,0.112571429,4,16,0.3152,5,18,6361119,144984,81997,7423,866,264,1
2015/12/20,0.011193182,1,16,0.0615625,2,11,0.151538462,3,10,0.114202899,4,10,0.133559322,5,16,6644317,58020,4146,566,72,5,1
2015/12/27,0.167659574,1,15,0.197,2,10,0.106486486,3,12,0.092705882,4,14,0.046352941,5,16,9823041,1891124,383092,31869,3123,194,1
2016/1/5,0.171304348,1,10,0.075769231,2,10,0.046352941,3,11,0.160816327,4,13,0.129180328,5,17,5478006,1122283,58731,2572,403,60,1
2016/1/10,0.154509804,1,16,0.067350427,2,14,0.414736842,3,13,0.125079365,4,9,0.035022222,5,18,6029695,940782,37525,14791,2049,64,1
2016/1/11,0.562857143,1,10,0.03042471,2,16,0.133559322,3,16,0.115882353,4,16,0.291851852,5,15,5883684,3539178,105719,15399,2055,675,1
2016/1/17,0.056690647,1,10,0.262666667,2,13,0.148679245,3,13,0.069734513,4,15,0.167659574,5,12,6437805,463386,81378,13707,1041,215,1
2016/1/24,0.202051282,1,14,0.061085271,2,12,0.11761194,3,12,0.1576,4,15,0.231764706,5,15,6327484,1271234,46884,5625,909,209,1
2016/1/31,0.394,1,9,0.175111111,2,14,0.080408163,3,12,0.179090909,4,16,0.358181818,5,16,7258080,2843510,619733,28750,5786,2164,1
2016/2/7,0.017550111,1,16,0.143272727,2,14,0.056285714,3,9,0.656666667,4,9,0.082083333,5,13,7491781,156417,21616,1052,667,73,1
2016/2/14,0.171304348,1,16,0.463529412,2,16,0.072293578,3,15,0.085652174,4,15,0.034867257,5,10,6706676,1080056,472540,45262,3246,116,1
2016/2/21,0.044269663,1,14,0.24625,2,13,0.138245614,3,16,0.160816327,4,10,0.154509804,5,16,6473690,333746,84699,12066,2385,427,1
2016/2/28,0.4925,1,12,0.040204082,2,13,0.463529412,3,13,0.207368421,4,18,0.375238095,5,11,7244006,3721888,204169,92149,19543,6598,1
2016/3/6,0.525333333,1,11,0.342608696,2,14,0.101025641,3,15,0.035656109,4,16,0.303076923,5,12,7207547,3632260,1281223,124872,3080,889,1
2016/3/13,0.24625,1,14,0.013401361,2,13,0.064590164,3,14,0.028970588,4,18,0.094939759,5,16,6521894,1570058,13370,1104,56,8,1
2016/3/20,0.167659574,1,16,0.202051282,2,11,0.437777778,3,16,0.262666667,4,11,0.0985,5,11,6167888,1023577,224287,102451,33806,2990,1
2016/3/21,0.281428571,1,16,0.129180328,2,13,0.11761194,3,15,0.06304,4,12,0.271724138,5,16,5273883,1299617,136494,17974,1483,380,1
2016/3/27,0.3152,1,14,0.328333333,2,10,0.187619048,3,16,0.038627451,4,15,0.202051282,5,18,6792915,1862253,768554,145967,3800,715,1
2016/4/3,0.033389831,1,12,0.463529412,2,10,0.303076923,3,15,0.202051282,4,11,0.060615385,5,16,6982339,227312,86902,22760,4808,324,1
2016/4/10,0.05218543,1,15,0.254193548,2,16,0.036651163,3,16,0.358181818,4,16,0.1576,5,18,7332528,503858,86403,2158,597,62,1
2016/4/17,0.129180328,1,15,0.175111111,2,16,0.041473684,3,15,0.183255814,4,11,0.025501618,5,18,7373302,879549,156843,4276,858,18,1
2016/4/24,0.043777778,1,11,0.099746835,2,16,0.375238095,3,16,0.086593407,4,15,0.138245614,5,18,6396920,239574,26333,11050,738,83,1
2016/5/1,0.078019802,1,16,0.03979798,2,16,0.1576,3,15,0.197,4,18,0.175111111,5,18,6794421,616825,26012,4186,935,114,1
2016/5/8,0.1576,1,15,0.414736842,2,15,0.040618557,3,16,0.062539683,4,18,0.342608696,5,18,6350274,1099236,495830,13353,1048,318,1
2016/5/15,0.102337662,1,12,0.187619048,2,12,0.109444444,3,15,0.3152,4,16,0.044519774,5,18,6117506,476183,90110,11687,3397,141,1
2016/5/22,0.135862069,1,10,0.056690647,2,18,0.231764706,3,16,0.066218487,4,15,0.394,5,18,6634077,828318,42174,8849,538,223,1
2016/5/29,0.082947368,1,13,0.066779661,2,13,0.05969697,3,18,0.358181818,4,18,0.197,5,18,6654002,694985,35302,2948,822,182,1
2016/6/5,0.562857143,1,10,0.238787879,2,16,0.086593407,3,18,0.088539326,4,8,0.021355014,5,12,6991730,4442127,1069792,90168,6125,146,1
2016/6/12,0.525333333,1,16,0.394,2,16,0.183255814,3,14,0.072962963,4,14,0.281428571,5,18,6403880,3663374,1517201,293189,25629,7138,1
2016/6/19,0.143272727,1,16,0.102337662,2,16,0.02,3,16,0.089545455,4,9,0.271724138,5,16,6400343,851203,83227,1452,90,22,1
2016/6/26,0.129180328,1,16,0.207368421,2,16,0.183255814,3,13,0.148679245,4,13,0.031394422,5,17,7417127,1072127,235829,40586,6045,110,1
2016/7/3,0.057101449,1,12,0.262666667,2,11,0.271724138,3,11,0.105066667,4,13,0.197,5,16,6613138,325778,82654,18526,1756,372,1
2016/7/10,0.179090909,1,13,0.03426087,2,15,0.148679245,3,12,0.238787879,4,15,0.133559322,5,16,6177735,1262481,37244,6255,1920,264,1
2016/7/17,0.133559322,1,8,0.140714286,2,16,0.106486486,3,16,0.238787879,4,12,0.103684211,5,13,6513569,830515,104616,14487,4159,498,1
2016/7/24,0.067350427,1,15,0.197,2,15,0.109444444,3,16,0.067350427,4,16,0.192195122,5,9,6271793,382968,73491,10293,683,143,1
2016/7/31,0.039009901,1,13,0.068521739,2,9,0.328333333,3,13,0.063548387,4,15,0.051503268,5,15,6620029,267949,14776,4314,404,36,1
2016/8/7,0.167659574,1,14,0.021530055,2,12,0.291851852,3,13,0.011051893,4,10,0.218888889,5,15,5988669,1018019,13105,4035,62,11,1
2016/8/14,0.027649123,1,12,0.133559322,2,11,0.129180328,3,18,0.212972973,4,16,0.066779661,5,18,5581723,129938,17967,2584,500,37,1
2016/8/21,0.036313364,1,12,0.064065041,2,15,0.045813953,3,16,0.005382514,4,16,0.212972973,5,17,6258661,164862,11708,842,4,1,1
2016/8/28,0.082083333,1,9,0.140714286,2,14,0.121230769,3,15,0.218888889,4,13,0.197,5,15,5979798,475813,67859,9000,2252,464,1
2016/9/4,0.094939759,1,13,0.202051282,2,15,0.129180328,3,18,0.342608696,4,16,0.045549133,5,18,5609086,665317,160342,23577,8950,265,1
2016/9/11,0.414736842,1,10,0.4925,2,8,0.021069519,3,16,0.375238095,4,13,0.281428571,5,15,5686641,2156809,1282193,15890,6587,1220,1
2016/9/18,0.010115533,1,16,0.342608696,2,11,0.045287356,3,14,0.4925,4,15,0.562857143,5,12,6363485,78572,22838,1598,852,611,1
2016/9/25,0.225142857,1,8,0.065123967,2,13,0.093809524,3,16,0.656666667,4,15,0.394,5,12,7249715,1428452,94574,9524,6340,2709,1
2016/10/2,0.044519774,1,12,0.066779661,2,16,0.143272727,3,16,0.107945205,4,13,0.085652174,5,16,5993573,295055,23906,3297,350,31,1
2016/10/9,0.202051282,1,13,0.102337662,2,13,0.027746479,3,16,0.011082982,4,13,0.238787879,5,12,5537355,1071239,117943,2496,24,6,1
2016/10/10,0.046627219,1,15,0.087555556,2,10,0.394,3,10,0.437777778,4,10,0.054344828,5,16,5652756,291713,26337,8435,3531,205,1
2016/10/16,0.238787879,1,13,0.4925,2,7,0.254193548,3,17,0.148679245,4,14,0.125079365,5,18,6363634,1559959,961364,255734,46151,6341,1
2016/10/23,0.271724138,1,8,0.084731183,2,13,0.053972603,3,14,0.110985915,4,16,0.342608696,5,18,6866710,1580310,119162,4203,523,158,1
2016/10/30,0.212972973,1,15,0.291851852,2,11,0.066779661,3,14,0.099746835,4,12,0.218888889,5,15,6920624,1469641,476329,25359,2698,549,1
2016/11/6,0.463529412,1,15,0.238787879,2,9,0.0788,3,16,0.202051282,4,15,0.103684211,5,16,6273281,3129248,858257,64287,13036,1445,1
2016/11/13,0.4925,1,14,0.303076923,2,13,0.054344828,3,16,0.051842105,4,18,0.129180328,5,15,6651746,3547993,1037077,59748,2511,413,1
2016/11/20,0.238787879,1,16,0.154509804,2,15,0.042594595,3,15,0.160816327,4,16,0.133559322,5,18,6193855,1573439,286413,5242,918,99,1
2016/11/27,0.035022222,1,16,0.075047619,2,12,0.254193548,3,16,0.207368421,4,17,0.192195122,5,18,6714927,204324,15251,4106,685,144,1
2016/12/4,0.038627451,1,18,0.084731183,2,10,0.254193548,3,12,0.049559748,4,15,0.110985915,5,14,6380689,305031,23495,7167,458,85,1
2016/12/11,0.606153846,1,13,0.262666667,2,13,0.160816327,3,16,0.463529412,4,9,0.281428571,5,18,6538633,3476194,803509,138152,72359,23392,1
2016/12/18,0.057518248,1,18,0.437777778,2,10,0.238787879,3,14,0.303076923,4,13,0.055492958,5,18,6373561,260857,132055,27251,8972,775,1
2016/12/23,0.358181818,1,15,0.562857143,2,11,0.044519774,3,15,0.375238095,4,8,0.123125,5,18,4250823,1596429,1026418,31615,13195,1741,1
2016/12/25,0.394,1,15,0.05969697,2,10,0.525333333,3,14,0.030307692,4,15,0.303076923,5,16,9943665,3002702,155126,70192,2394,874,1
2017/1/5,0.4925,1,15,0.212972973,2,13,0.154509804,3,12,0.281428571,4,13,0.437777778,5,18,5124960,2655605,664003,106459,36111,15259,1
2017/1/8,0.0394,1,12,0.281428571,2,16,0.254193548,3,9,0.021888889,4,16,0.028759124,5,15,6114552,184328,49221,12335,274,6,1
2017/1/22,0.145925926,1,14,0.038627451,2,16,0.303076923,3,16,0.036146789,4,14,0.053605442,5,16,6119184,895678,39716,12058,275,16,1
2017/1/29,0.463529412,1,9,0.463529412,2,13,0.154509804,3,10,0.11761194,4,13,0.262666667,5,16,6305739,3020649,1630008,289337,35459,8050,1
2017/2/5,0.101025641,1,6,0.151538462,2,14,0.003421624,3,16,0.045813953,4,7,0.123125,5,10,7402270,588184,80706,407,48,7,1
2017/2/12,0.1576,1,12,0.192195122,2,16,0.083829787,3,14,0.179090909,4,10,0.254193548,5,11,5989106,1171370,260729,18383,2900,825,1
2017/2/19,0.065666667,1,10,0.328333333,2,14,0.101025641,3,16,0.065123967,4,13,0.1576,5,16,6208290,354822,102675,7939,661,109,1
2017/2/26,0.05969697,1,15,0.1576,2,15,0.225142857,3,10,0.030661479,4,12,0.110985915,5,11,6704325,610107,86381,20462,638,82,1
2017/3/5,0.094939759,1,16,0.0615625,2,16,0.171304348,3,14,0.3152,4,16,0.238787879,5,12,6442437,641971,41158,6690,1586,339,1
2017/3/12,0.183255814,1,9,0.525333333,2,10,0.164166667,3,17,0.207368421,4,18,0.06304,5,16,6769501,1211235,695607,118106,29355,1498,1
2017/3/19,0.414736842,1,13,0.151538462,2,11,0.028243728,3,16,0.716363636,4,10,0.097283951,5,11,7334374,2200586,394027,10379,8115,1161,1
2017/3/20,0.175111111,1,13,0.254193548,2,17,0.24625,3,10,0.358181818,4,13,0.606153846,5,13,5725722,1137889,248980,69554,27789,20912,1
2017/3/26,0.00860262,1,16,0.197,2,9,0.303076923,3,11,0.031023622,4,16,0.090574713,5,18,6253560,39498,7164,2309,45,6,1
2017/4/2,0.375238095,1,7,0.328333333,2,8,0.151538462,3,8,0.070357143,4,16,0.328333333,5,14,6260233,1558956,616769,81988,5808,1768,1
2017/4/9,0.062047244,1,16,0.106486486,2,12,0.109444444,3,15,0.131333333,4,13,0.019313725,5,17,6675259,546038,68330,8277,1096,12,1
2017/4/16,0.179090909,1,16,0.046081871,2,15,0.05969697,3,16,0.105066667,4,13,0.035178571,5,18,6137305,1247649,67512,3164,385,24,1
2017/4/23,0.054722222,1,12,0.207368421,2,16,0.056285714,3,13,0.207368421,4,11,0.021182796,5,18,5636123,309161,62214,3902,753,16,1
2017/4/30,0.328333333,1,11,0.028864469,2,16,0.024246154,3,14,0.123125,4,18,0.358181818,5,17,6441497,2126510,33533,474,38,14,1
2017/5/7,0.07364486,1,12,0.197,2,16,0.143272727,3,16,0.105066667,4,18,0.135862069,5,18,5415769,450233,92133,15647,2389,377,1
2017/5/14,0.212972973,1,10,0.047185629,2,13,0.148679245,3,14,0.103684211,4,16,0.05837037,5,17,5664445,1298388,50069,8363,843,48,1
2017/5/21,0.023452381,1,10,0.023951368,2,18,0.143272727,3,16,0.175111111,4,11,0.328333333,5,18,5802611,94703,2617,247,52,14,1
2017/5/28,0.328333333,1,16,0.192195122,2,16,0.121230769,3,14,0.075047619,4,16,0.148679245,5,18,5795081,1739035,388188,40498,2413,403,1
2017/6/4,0.375238095,1,10,0.358181818,2,16,0.463529412,3,14,0.042594595,4,9,0.063548387,5,18,5561603,2237963,855732,414333,5827,549,1
2017/6/11,0.135862069,1,16,0.0788,2,16,0.254193548,3,11,0.138245614,4,12,0.069122807,5,18,5489403,884149,81708,26479,4545,289,1
2017/6/18,0.164166667,1,13,0.262666667,2,12,0.109444444,3,13,0.271724138,4,9,0.160816327,5,16,5735360,1058201,281052,28538,8249,1392,1
2017/6/25,0.262666667,1,16,0.099746835,2,13,0.017828054,3,15,0.084731183,4,9,0.087555556,5,11,7509862,1916018,195042,2179,194,16,1
2017/7/2,0.154509804,1,16,0.03979798,2,16,0.525333333,3,8,0.138245614,4,18,0.179090909,5,12,6196102,962909,40200,23162,2967,404,1
2017/7/9,0.358181818,1,10,0.394,2,10,0.525333333,3,14,0.112571429,4,15,0.231764706,5,12,6479899,1671120,644965,410139,52769,14126,1
2017/7/16,0.148679245,1,15,0.281428571,2,15,0.087555556,3,16,0.342608696,4,15,0.231764706,5,9,5949497,1116524,377774,33574,10270,2636,1
2017/7/23,0.138245614,1,15,0.129180328,2,15,0.262666667,3,15,0.087555556,4,16,0.207368421,5,7,5441729,798393,142523,39450,3275,681,1
2017/7/30,0.24625,1,13,0.160816327,2,16,0.020361757,3,16,0.262666667,4,11,0.129180328,5,15,6068628,1923991,358416,4496,1452,167,1
2017/8/6,0.151538462,1,11,0.110985915,2,13,0.01188537,3,14,0.358181818,4,11,0.020628272,5,15,5896342,1035197,166247,2269,762,14,1
2017/8/13,0.064590164,1,14,0.171304348,2,10,0.065123967,3,16,0.291851852,4,13,0.087555556,5,17,5372673,305223,51209,2486,547,38,1
2017/8/20,0.138245614,1,18,0.131333333,2,15,0.03959799,3,13,0.138245614,4,18,0.082083333,5,15,5330319,930204,116216,3255,651,58,1
2017/8/27,0.160816327,1,12,0.037169811,2,13,0.109444444,3,15,0.102337662,4,14,0.066779661,5,15,5399762,1125239,45966,5614,725,45,1
2017/9/3,0.151538462,1,14,0.112571429,2,18,0.065666667,3,17,0.015330739,4,14,0.05880597,5,18,5452997,922131,136862,9592,171,9,1
2017/9/10,0.254193548,1,9,0.192195122,2,8,0.358181818,3,16,0.254193548,4,14,0.262666667,5,15,4992322,1400433,264795,86767,27205,8697,1
2017/9/17,0.049559748,1,17,0.225142857,2,11,0.041041667,3,15,0.029848485,4,18,0.151538462,5,16,4576738,307491,70473,2889,50,8,1
2017/9/18,0.207368421,1,12,0.342608696,2,12,0.281428571,3,14,0.281428571,4,12,0.129180328,5,15,4555650,942746,302879,85053,22269,3145,1
2017/9/24,0.171304348,1,8,0.115882353,2,14,0.064065041,3,9,0.358181818,4,14,0.101025641,5,17,5707988,1119767,166881,9523,2551,196,1
2017/10/1,0.375238095,1,9,0.562857143,2,14,0.052533333,3,16,0.024246154,4,13,0.24625,5,16,5730505,2271504,1335028,76072,1312,279,1
2017/10/8,0.055104895,1,12,0.135862069,2,13,0.179090909,3,16,0.342608696,4,13,0.135862069,5,12,5435328,342000,64396,14334,4827,709,1
2017/10/9,0.020102041,1,11,0.074339623,2,8,0.074339623,3,12,0.091627907,4,15,0.238787879,5,16,4792226,66447,5031,499,47,6,1
2017/10/15,0.202051282,1,16,0.115882353,2,16,0.271724138,3,14,0.254193548,4,12,0.125079365,5,18,5483368,1251478,128157,34201,10671,1817,1
2017/10/22,0.254193548,1,8,0.183255814,2,16,0.085652174,3,15,0.068521739,4,16,0.175111111,5,18,5614532,1333443,234432,20846,1542,346,1
2017/10/29,0.048343558,1,16,0.035818182,2,12,0.151538462,3,18,0.102337662,4,12,0.254193548,5,18,5875606,262633,9779,1405,176,41,1
2017/11/3,0.231764706,1,13,0.070990991,2,16,0.127096774,3,16,0.043535912,4,16,0.103684211,5,13,3008360,811790,63878,9412,542,48,1
2017/11/5,0.081237113,1,18,0.110985915,2,12,0.562857143,3,7,0.394,4,16,0.254193548,5,15,5592913,553924,37807,24899,9162,3071,1
2017/11/12,0.063548387,1,18,0.006309047,2,12,0.145925926,3,15,0.093809524,4,15,0.102337662,5,18,5367150,314373,2352,315,34,3,1
2017/11/19,0.231764706,1,16,0.04925,2,14,0.114202899,3,14,0.254193548,4,16,0.089545455,5,18,5154251,1225363,42995,4750,1373,94,1
2017/11/26,0.127096774,1,16,0.414736842,2,15,0.076504854,3,10,0.171304348,4,13,0.05924812,5,17,6318786,919617,275834,12702,2556,168,1
2017/12/3,0.303076923,1,18,0.463529412,2,14,0.110985915,3,12,0.060615385,4,15,0.083829787,5,11,5901390,1503427,877185,110205,7239,542,1
2017/12/10,0.342608696,1,7,0.03426087,2,11,0.119393939,3,16,0.218888889,4,13,0.192195122,5,18,6126816,2473258,69092,10194,2077,611,1
2017/12/17,0.151538462,1,18,0.179090909,2,17,0.092705882,3,12,0.127096774,4,16,0.342608696,5,16,6503228,1112009,235196,17373,3373,1380,1
2017/12/24,0.121230769,1,14,0.238787879,2,9,0.093809524,3,16,0.014485294,4,10,0.414736842,5,16,9130200,1090956,329094,42756,156,40,1
2017/12/28,0.143272727,1,13,0.187619048,2,16,0.133559322,3,16,0.11761194,4,16,0.050512821,5,15,6481304,973301,196380,33480,4775,130,1
2018/1/6,0.043060109,1,8,0.4925,2,8,0.218888889,3,10,0.3152,4,17,0.123125,5,13,5045962,185461,93453,21567,4552,407,1
2018/1/7,0.183255814,1,14,0.080408163,2,16,0.192195122,3,9,0.171304348,4,16,0.046352941,5,9,5779810,1274236,102741,24008,3656,136,1
2018/1/8,0.148679245,1,11,0.437777778,2,9,0.091627907,3,16,0.414736842,4,9,0.271724138,5,11,6119714,935613,388944,31972,13816,3817,1
2018/1/14,0.394,1,10,0.192195122,2,9,0.082083333,3,18,0.225142857,4,15,0.212972973,5,12,6350768,2707975,481704,30344,6636,1465,1
2018/1/21,0.082083333,1,13,0.065123967,2,15,0.606153846,3,16,0.103684211,4,11,0.202051282,5,11,7414649,507239,34928,23497,2988,718,1
2018/1/28,0.225142857,1,11,0.164166667,2,10,0.183255814,3,11,0.102337662,4,18,0.075047619,5,13,6566920,1458701,230140,38604,5222,263,1
2018/2/4,0.238787879,1,14,0.254193548,2,10,0.034867257,3,16,0.114202899,4,10,0.143272727,5,16,6597868,1251616,349781,7956,581,84,1
2018/2/11,0.192195122,1,16,0.281428571,2,9,0.081237113,3,16,0.075047619,4,10,0.057941176,5,12,7029196,1203206,318740,33176,2029,112,1
2018/2/18,0.175111111,1,7,0.135862069,2,11,0.342608696,3,15,0.034561404,4,15,0.07364486,5,16,6889805,1288289,184165,48668,966,97,1
2018/2/25,0.074339623,1,16,0.231764706,2,10,0.131333333,3,11,0.046904762,4,18,0.148679245,5,10,6802568,549681,119566,18717,645,101,1
2018/3/4,0.271724138,1,10,0.218888889,2,16,0.055886525,3,14,0.154509804,4,12,0.437777778,5,10,7832857,2213676,559603,21934,3845,1707,1